state_fips,state_name,state_abbrv,total_eligible_children,eligible_in_other_zero,eligible_in_hs_any_others_zero,pct_in_desert,pct_of_all_eligible,pct_of_other_zero_eligible
33,New Hampshire,NH,6363.437714807811,389.65530147881014,66.15326000449093,6.12,1.0396,16.98
06,California,CA,398610.5149387746,11560.236245069442,1660.9432685336265,2.9,0.4167,14.37
39,Ohio,OH,162064.77987818336,5295.654507805257,720.7061423854931,3.27,0.4447,13.61
26,Michigan,MI,127357.00089515645,5392.233194822002,700.2806168249248,4.23,0.54990000000000006,12.99
42,Pennsylvania,PA,142392.95186572557,7823.249884202339,1011.6422321884559,5.49,0.7105,12.93
18,Indiana,IN,87596.8004167803,7098.173108697976,804.7199955864769,8.1,0.9187,11.34
28,Mississippi,MS,60649.86229146697,10181.123914962993,1044.3710177452056,16.79,1.722,10.26
54,West Virginia,WV,26364.98752510415,4585.286761905102,452.67530724007077,17.39,1.717,9.87
04,Arizona,AZ,87046.86298666705,7041.106751862717,633.0449610387358,8.09,0.7272,8.99
51,Virginia,VA,78839.15792619532,6112.444621831874,537.8029829700483,7.75,0.6822,8.8
46,South Dakota,SD,11831.62124243711,3767.2038272986106,315.55226293810955,31.84,2.667,8.38
53,Washington,WA,67003.92250794581,5686.33529062018,468.30319706307904,8.49,0.6989,8.24
22,Louisiana,LA,95903.80342002839,7063.069707034251,431.45220145625126,7.36,0.4499,6.11
30,Montana,MT,10581.93572682412,3203.819572773184,194.3876806226385,30.28,1.837,6.07
41,Oregon,OR,36781.60590073187,3023.5345104516377,182.59636504184485,8.22,0.4964,6.04
13,Georgia,GA,151633.59112401283,10493.911164624527,605.3951693329254,6.92,0.3992,5.77
05,Arkansas,AR,56175.14609371421,8285.938660036902,426.0968536467175,14.75,0.7585,5.14
35,New Mexico,NM,32000.950408914643,4465.280453996546,222.4251890796585,13.95,0.6951,4.98
37,North Carolina,NC,139272.99480435284,10792.336794680105,524.8524136915986,7.75,0.3769,4.86
21,Kentucky,KY,71835.3177624244,10851.750006925004,487.74736505111775,15.11,0.679,4.49
08,Colorado,CO,43638.755419905894,2620.203416747597,116.30691739406652,6,0.2665,4.44
49,Utah,UT,27911.581870926166,1729.5521082267671,66.688128265327,6.2,0.2389,3.86
45,South Carolina,SC,76786.34554437181,6546.502329868126,251.1922371688047,8.53,0.3271,3.84
12,Florida,FL,243222.35703911618,10302.594791170486,380.0383018746139,4.24,0.1563,3.69
47,Tennessee,TN,99667.35011552817,8893.631545978738,327.63681752717935,8.92,0.3287,3.68
27,Minnesota,MN,44912.780108116116,2787.2983297127776,89.93031371055274,6.21,0.2002,3.23
29,Missouri,MO,75532.56240016731,7980.450946346457,203.3772430083559,10.57,0.2693,2.55
01,Alabama,AL,88566.16827321093,11457.072592854714,265.43602791254114,12.94,0.2997,2.32
56,Wyoming,WY,5902.466497693874,1419.1972391082973,31.46325402708508,24.04,0.5331,2.22
17,Illinois,IL,141085.36555479545,4214.709588403461,85.72238858623884,2.99,0.0608,2.03
23,Maine,ME,10650.472518231685,1581.5797778100164,30.62665291410474,14.85,0.2876,1.94
20,Kansas,KS,33839.4619926427,2914.6478425438095,55.601767401523844,8.61,0.1643,1.91
36,New York,NY,242278.34589374214,5858.757817927904,109.45927009332743,2.42,0.0452,1.87
55,Wisconsin,WI,54822.31640782305,4055.473543859104,67.95437105492181,7.4,0.124,1.68
16,Idaho,ID,20917.505215747122,2444.29891737087,39.11073441713381,11.69,0.187,1.6
40,Oklahoma,OK,68692.5145131592,4862.876250232663,71.46225338202845,7.08,0.104,1.47
19,Iowa,IA,32192.41300924332,2249.183645426423,31.378802398234342,6.99,0.0975,1.4
31,Nebraska,NE,19207.719887352105,990.8384675653725,12.65040124036472,5.16,0.0659,1.28
25,Massachusetts,MA,51892.51861122041,737.8839801007587,8.309753160746538,1.42,0.016,1.13
50,Vermont,VT,3901.6158165748498,323.304977690275,3.588299024918743,8.29,0.092,1.11
34,New Jersey,NJ,87413.66000074294,587.0484821559779,5.429644048943271,0.67,0.0062,0.92
38,North Dakota,ND,7582.018100193431,1690.2776668423173,14.772094639798894,22.29,0.1948,0.87
48,Texas,TX,479211.98548742343,19667.669525521513,171.03877826400185,4.1,0.0357,0.87
02,Alaska,AK,8954.103833779975,7545.774332980164,56.12591968620286,84.27,0.6268,0.74
24,Maryland,MD,51392.5765456702,580.3878724906517,3.5,1.13,0.0068,0.6
15,Hawaii,HI,11650.708940133278,9857.15687298725,20.74082953728123,84.61,0.178,0.21
32,Nevada,NV,39508.415302313275,1365.8627443760288,0.14184397163120566,3.46,4e-4,0.01
09,Connecticut,CT,29270.52960203673,170.11062128974012,0,0.58,0,0
10,Delaware,DE,11768.638054885525,115.02777226631912,0,0.98,0,0
11,District of Columbia,DC,8642.014319391947,28.834875143599977,0,0.33,0,0
44,Rhode Island,RI,8857.052076812472,75.8910084131136,0,0.86,0,0
