state_fips,rural,state_name,state_abbrv,total_eligible_children,eligible_in_other_zero,eligible_in_hs_any_others_zero,pct_in_desert,pct_of_all_eligible,pct_of_other_zero_eligible
01,0,Alabama,AL,59484.33145940344,3368.834311547696,19.336486296196192,5.66,0.0325,0.57
01,1,Alabama,AL,29081.83681380499,8088.238281306966,246.09954161634496,27.81,0.8462,3.04
02,0,Alaska,AK,5628.270233054929,4934.246717252593,0,87.67,0,0
02,1,Alaska,AK,3325.8336007249536,2611.527615727522,56.12591968620286,78.52,1.6876,2.15
04,0,Arizona,AZ,79269.41707210157,2904.8852301175707,147.27132235395044,3.66,0.1858,5.07
04,1,Arizona,AZ,7777.44591456521,4136.221521745173,485.7736386847846,53.18,6.2459,11.74
05,0,Arkansas,AR,30294.327451761426,1729.3878234470185,96.495815377134,5.71,0.3185,5.58
05,1,Arkansas,AR,25880.81864195303,6556.550836589904,329.6010382695838,25.33,1.2735,5.03
06,0,California,CA,389543.43129278504,8955.326319037818,1220.2709736374263,2.3,0.3133,13.63
06,1,California,CA,9067.083645995363,2604.9099260319854,440.67229489620365,28.73,4.8601,16.92
08,0,Colorado,CO,36360.59331085974,763.6339233065443,3.6192129629629632,2.1,0.01,0.47
08,1,Colorado,CO,7278.162109044807,1856.5694934410235,112.68770443110355,25.51,1.5483,6.07
09,0,Connecticut,CT,27969.162668318415,150.498745489484,0,0.54,0,0
09,1,Connecticut,CT,1301.3669337183267,19.61187580025608,0,1.51,0,0
10,0,Delaware,DE,8026.609456253683,49.73040033792839,0,0.62,0,0
10,1,Delaware,DE,3742.028598631904,65.29737192839073,0,1.74,0,0
11,0,District of Columbia,DC,8642.014319391947,28.834875143599977,0,0.33,0,0
12,0,Florida,FL,227302.46540366774,5937.898012612506,156.15491470954848,2.61,0.0687,2.63
12,1,Florida,FL,15919.891635447853,4364.696778558079,223.8833871650654,27.42,1.4063,5.13
13,0,Georgia,GA,109075.6309723278,2286.6783115991443,61.79170657922421,2.1,0.0567,2.7
13,1,Georgia,GA,42557.96015168954,8207.232853025302,543.6034627537009,19.28,1.2773,6.62
15,0,Hawaii,HI,9210.006381078556,9210.006381078556,0,100,0,0
15,1,Hawaii,HI,2440.7025590547805,647.1504919086883,20.74082953728123,26.51,0.8498,3.2
16,0,Idaho,ID,14087.20211109482,470.10348326328057,13.56333520231754,3.34,0.0963,2.89
16,1,Idaho,ID,6830.303104652204,1974.1954341075764,25.547399214816263,28.9,0.374,1.29
17,0,Illinois,IL,116937.15909751681,773.048601432643,24.208874084473184,0.66,0.0207,3.13
17,1,Illinois,IL,24148.20645728285,3441.6609869708104,61.513514501765634,14.25,0.2547,1.79
18,0,Indiana,IN,65599.52064528617,1505.483365136976,98.0341657556066,2.29,0.1494,6.51
18,1,Indiana,IN,21997.279771496207,5592.689743561057,706.6858298308725,25.42,3.2126,12.64
19,0,Iowa,IA,18214.586215861862,241.20915250595567,3.104838709677419,1.32,0.017,1.29
19,1,Iowa,IA,13977.826793380784,2007.974492920458,28.27396368855691,14.37,0.2023,1.41
20,0,Kansas,KS,21270.078146166205,344.84250046144234,12.1707307825443,1.62,0.0572,3.53
20,1,Kansas,KS,12569.383846476208,2569.8053420823644,43.43103661897955,20.44,0.3455,1.69
21,0,Kentucky,KY,33442.30379125183,489.4631377725726,10.01176256866512,1.46,0.0299,2.05
21,1,Kentucky,KY,38393.01397117459,10362.286869152409,477.7356024824526,26.99,1.2443,4.61
22,0,Louisiana,LA,70354.66772265112,2383.581738220583,213.2940334770848,3.39,0.3032,8.95
22,1,Louisiana,LA,25549.135697370693,4679.487968813641,218.15816797916634,18.32,0.8539,4.66
23,0,Maine,ME,5195.903072064579,342.35110053978474,0.2985074626865672,6.59,0.0057,0.09
23,1,Maine,ME,5454.569446167106,1239.2286772702328,30.32814545141817,22.72,0.556,2.45
24,0,Maryland,MD,48182.16627886897,305.0632910503948,3.5,0.63,0.0073,1.15
24,1,Maryland,MD,3210.4102668018,275.3245814402575,0,8.58,0,0
25,0,Massachusetts,MA,51189.809553491876,710.6373853227866,3.409090909090909,1.39,0.0067,0.48
25,1,Massachusetts,MA,702.7090577288545,27.246594777972806,4.900662251655629,3.88,0.6974,17.99
26,0,Michigan,MI,105057.89610796767,818.3054506033911,53.16275792185862,0.78,0.0506,6.5
26,1,Michigan,MI,22299.104787187767,4573.927744218611,647.1178589030665,20.51,2.902,14.15
27,0,Minnesota,MN,31388.43427261381,517.9344285845347,4.0144927536231885,1.65,0.0128,0.78
27,1,Minnesota,MN,13524.34583550436,2269.363901128231,85.91582095692955,16.78,0.6353,3.79
28,0,Mississippi,MS,21933.688785367503,799.1561176629906,22.096419171398978,3.64,0.1007,2.76
28,1,Mississippi,MS,38716.173506097606,9381.967797299973,1022.2745985738065,24.23,2.6404,10.9
29,0,Missouri,MO,47078.38936388205,877.0150685435646,33.24634065202835,1.86,0.0706,3.79
29,1,Missouri,MO,28454.173036284195,7103.4358778029,170.13090235632745,24.96,0.5979,2.4
30,0,Montana,MT,4104.222575669697,510.63814845197146,31.78686577295095,12.44,0.7745,6.22
30,1,Montana,MT,6477.7131511544685,2693.1814243212225,162.60081484968742,41.58,2.5102,6.04
31,0,Nebraska,NE,12244.954643308101,43.56415031637131,0,0.36,0,0
31,1,Nebraska,NE,6962.765244043718,947.2743172490015,12.65040124036472,13.6,0.1817,1.34
32,0,Nevada,NV,37512.90840197671,412.43373700942743,0,1.1,0,0
32,1,Nevada,NV,1995.506900336675,953.4290073665918,0.14184397163120566,47.78,0.0071,0.01
33,0,New Hampshire,NH,3495.515321290855,47.84015157152395,0,1.37,0,0
33,1,New Hampshire,NH,2867.9223935169803,341.81514990728596,66.15326000449093,11.92,2.3067,19.35
34,0,New Jersey,NJ,87413.66000074294,587.0484821559779,5.429644048943271,0.67,0.0062,0.92
35,0,New Mexico,NM,16855.92957580682,955.3946536785334,30.504181940488046,5.67,0.181,3.19
35,1,New Mexico,NM,15145.020833107938,3509.8858003180076,191.92100713917046,23.18,1.2672,5.47
36,0,New York,NY,225012.99690890138,3215.0741540042877,63.23059880525814,1.43,0.0281,1.97
36,1,New York,NY,17265.34898483803,2643.6836639236262,46.22867128806934,15.31,0.2678,1.75
37,0,North Carolina,NC,96453.88553896682,3956.0655313174216,244.3592199928172,4.1,0.2533,6.18
37,1,North Carolina,NC,42819.10926538405,6836.27126336268,280.49319369878117,15.97,0.6551,4.1
38,0,North Dakota,ND,3335.9069637791076,89.76990420659878,4.078212290502793,2.69,0.1223,4.54
38,1,North Dakota,ND,4246.111136414205,1600.507762635717,10.6938823492961,37.69,0.2519,0.67
39,0,Ohio,OH,128871.47940128687,1351.5668120684738,241.30128154509205,1.05,0.1872,17.85
39,1,Ohio,OH,33193.30047689646,3944.087695736759,479.4048608404005,11.88,1.4443,12.16
40,0,Oklahoma,OK,40707.10352553596,577.3658801948233,4.969325153374234,1.42,0.0122,0.86
40,1,Oklahoma,OK,27985.410987619776,4285.510370037832,66.49292822865424,15.31,0.2376,1.55
41,0,Oregon,OR,27395.785765794153,900.7351406207007,28.39490770934962,3.29,0.1036,3.15
41,1,Oregon,OR,9385.820134938635,2122.799369830952,154.20145733249532,22.62,1.6429,7.26
42,0,Pennsylvania,PA,118931.13656255207,2853.4871345836436,425.74542318080427,2.4,0.358,14.92
42,1,Pennsylvania,PA,23461.815303173775,4969.762749618737,585.8968090076518,21.18,2.4972,11.79
44,0,Rhode Island,RI,8857.052076812472,75.8910084131136,0,0.86,0,0
45,0,South Carolina,SC,58602.98657142826,3291.394173157116,80.5343719999915,5.62,0.1374,2.45
45,1,South Carolina,SC,18183.3589729401,3255.108156711002,170.6578651688133,17.9,0.9385,5.24
46,0,South Dakota,SD,3918.0416125660254,154.20712704947388,2.2695035460992905,3.94,0.0579,1.47
46,1,South Dakota,SD,7913.579629870818,3612.9967002491403,313.2827593920103,45.66,3.9588,8.67
47,0,Tennessee,TN,71447.73048694879,1987.702224924018,56.19691266328939,2.78,0.0787,2.83
47,1,Tennessee,TN,28219.61962858224,6905.9293210546675,271.4399048638898,24.47,0.9619,3.93
48,0,Texas,TX,419936.2178371006,6882.12641022605,81.4705945158738,1.64,0.0194,1.18
48,1,Texas,TX,59275.76765029391,12785.543115295333,89.56818374812813,21.57,0.1511,0.7
49,0,Utah,UT,23215.89553833285,548.6123879506004,0.22222222222222224,2.36,0.001,0.04
49,1,Utah,UT,4695.686332593065,1180.9397202761782,66.46590604310478,25.15,1.4155,5.63
50,0,Vermont,VT,705.7406757799579,7.063880028170182,0,1,0,0
50,1,Vermont,VT,3195.8751407948935,316.24109766210483,3.588299024918743,9.9,0.1123,1.13
51,0,Virginia,VA,61225.794301321934,1485.091155153125,71.88751727248737,2.43,0.1174,4.84
51,1,Virginia,VA,17613.36362487537,4627.353466678755,465.9154656975612,26.27,2.6452,10.07
53,0,Washington,WA,57835.1937458171,2568.9222645223485,116.84967368746834,4.44,0.202,4.55
53,1,Washington,WA,9168.728762129927,3117.413026097856,351.4535233756109,34,3.8332,11.27
54,0,West Virginia,WV,13379.052192483541,817.2012862082345,118.20491055520525,6.11,0.8835,14.46
54,1,West Virginia,WV,12985.93533261996,3768.085475696868,334.47039668486514,29.02,2.5756,8.88
55,0,Wisconsin,WI,39758.00259216793,713.0493215663417,9.186894112104206,1.79,0.0231,1.29
55,1,Wisconsin,WI,15064.313815655956,3342.4242222927505,58.767476942817616,22.19,0.3901,1.76
56,0,Wyoming,WY,1930.9589017556418,285.9038538474062,0,14.81,0,0
56,1,Wyoming,WY,3971.5075959382407,1133.2933852608878,31.46325402708508,28.54,0.7922,2.78
