state_name,state_abbrv,urbanicity,total_eligible_children,desert_eligible_children,no_access_eligible_children,pct_eligible_in_desert,pct_eligible_no_access
Alabama,AL,Rural,27557.539019715266,26772.71595369796,15317.613545496455,97.2,55.6
Alabama,AL,Urban,57046.055339200975,56601.93636301009,20357.231711847344,99.2,35.7
Alaska,AK,Rural,3050.1214285714263,2939.44,2694.8434285714343,96.4,88.4
Alaska,AK,Urban,5481.331333333369,5481.331333333369,5481.331333333369,100,100
Arizona,AZ,Rural,6956.692936508068,6590.395158730291,4028.84812698409,94.7,57.9
Arizona,AZ,Urban,73524.61284449304,73279.6174606803,12437.553076755581,99.7,16.9
Arkansas,AR,Rural,23391.70227056991,22824.647389027847,11445.078495286913,97.6,48.9
Arkansas,AR,Urban,29828.78531930922,29801.44490754451,7720.339172492972,99.9,25.9
California,CA,Rural,9481.894943417903,9299.668500111184,3043.31584038187,98.1,32.1
California,CA,Urban,367824.6593701903,367484.28896430763,29483.5525577795,99.9,8
Colorado,CO,Rural,6092.203387446137,5749.043450757768,3085.3750735930635,94.4,50.6
Colorado,CO,Urban,34424.220170653,34421.41282125543,6417.988362524496,100,18.6
Connecticut,CT,Rural,877.5230769230686,877.5230769230686,364.56470085470073,100,41.5
Connecticut,CT,Urban,25896.960797185377,25884.0952247948,5000.848723048915,100,19.3
Delaware,DE,Rural,2512.0808695652763,2474.9565217391882,878.6095652174014,98.5,35
Delaware,DE,Urban,8192.951688810144,8192.951688810144,1178.6405034965246,100,14.4
District of Columbia,DC,Urban,7524.9736040607095,7524.9736040607095,21.429949238578686,100,0.3
Florida,FL,Rural,15257.531139548204,14475.382680923554,7436.8290485821035,94.9,48.7
Florida,FL,Urban,217023.6437385225,216308.1209182091,42635.08715432116,99.7,19.6
Georgia,GA,Rural,37319.31264192179,36068.273999064615,18763.627385197433,96.6,50.3
Georgia,GA,Urban,100895.12351765601,100537.75227831738,30266.74345605647,99.6,30
Hawaii,HI,Rural,2975.0266569766786,2966.314941860399,1626.0621802325622,99.7,54.7
Hawaii,HI,Urban,8193.246378204403,8193.246378204403,8193.246378204403,100,100
Idaho,ID,Rural,6907.5686893939655,6830.760689393973,3351.6172348484474,98.9,48.5
Idaho,ID,Urban,13765.134069918617,13740.410217579447,1928.4475795493724,99.8,14
Illinois,IL,Rural,22059.194954712377,21507.01886666323,10558.28725509554,97.5,47.9
Illinois,IL,Urban,116449.18987487095,116359.93841469385,20405.456212569447,99.9,17.5
Indiana,IN,Rural,22922.054048618455,22757.63791647276,11226.676407620058,99.3,49
Indiana,IN,Urban,67871.30885791626,67817.47827104636,15683.583707066042,99.9,23.1
Iowa,IA,Rural,12842.171589854477,12723.72920523908,5996.934104284376,99.1,46.7
Iowa,IA,Urban,19231.799924332972,19211.63741040662,2783.204253247539,99.9,14.5
Kansas,KS,Rural,12853.396946672361,12723.859754159015,6492.020771241691,99,50.5
Kansas,KS,Urban,20246.540201586242,20240.288046197773,3818.432528983992,100,18.9
Kentucky,KY,Rural,37109.05343875614,35158.16604644045,14543.094036635071,94.7,39.2
Kentucky,KY,Urban,33194.83667139733,33042.248140733325,6539.415122473211,99.5,19.7
Louisiana,LA,Rural,24936.91551758107,24397.138044942654,11873.668257215206,97.8,47.6
Louisiana,LA,Urban,70895.35545103763,69752.84903512069,14731.026523782804,98.4,20.8
Maine,ME,Rural,4517.632502190787,4435.840508501805,2410.266362023063,98.2,53.4
Maine,ME,Urban,5939.1974296275985,5918.188658817202,2730.4728616882026,99.6,46
Maryland,MD,Rural,3072.1135606061,3024.9047411616534,1135.5050820707106,98.5,37
Maryland,MD,Urban,47947.503121082525,47941.16835917777,7692.526717635674,100,16
Massachusetts,MA,Rural,719.2336842105291,715.1631578947396,369.94605263158,99.4,51.4
Massachusetts,MA,Urban,46559.204909669446,46518.78459494406,7290.875525859586,99.9,15.7
Michigan,MI,Rural,20159.454502921875,19224.309829814338,8395.407349253619,95.4,41.6
Michigan,MI,Urban,103972.54981655769,103673.01532026015,14162.596462697782,99.7,13.6
Minnesota,MN,Rural,13510.42903816243,13242.553579288002,6201.213103306159,98,45.9
Minnesota,MN,Urban,31136.320769788912,31134.4322562754,6319.553218839372,100,20.3
Mississippi,MS,Rural,36837.300138067876,32243.645341366842,16848.422591090504,87.5,45.7
Mississippi,MS,Urban,21638.286562757672,20753.372479583468,5919.549316016579,95.9,27.4
Missouri,MO,Rural,26600.33695701563,26037.073811688875,13760.551066097501,97.9,51.7
Missouri,MO,Urban,46789.31299261251,46760.59971160771,7842.788473429603,99.9,16.8
Montana,MT,Rural,6019.002806089495,5696.46171634593,3197.612092948723,94.6,53.1
Montana,MT,Urban,3952.993114500753,3946.9972811674193,957.7257603890304,99.8,24.2
Nebraska,NE,Rural,6834.299721500852,6675.280279942412,2851.7799278499147,97.7,41.7
Nebraska,NE,Urban,12421.960988406183,12419.782416977612,1251.834867376926,100,10.1
Nevada,NV,Rural,1769.6781684981718,1739.5455018315015,1436.5207399267326,98.3,81.2
Nevada,NV,Urban,34260.31323785177,34259.06269521611,9704.250621896032,100,28.3
New Hampshire,NH,Rural,2862.895677655677,2847.34042069042,1727.9328893328889,99.5,60.4
New Hampshire,NH,Urban,3180.359119096258,3180.359119096258,1380.9060199942528,100,43.4
New Jersey,NJ,Urban,76663.61673004278,76609.94173783074,9505.916032684308,99.9,12.4
New Mexico,NM,Rural,15232.193846543829,14865.458237713152,5214.553470067588,97.6,34.2
New Mexico,NM,Urban,13643.705449364417,13614.525289047648,2188.3348500762304,99.8,16
New York,NY,Rural,15824.654870097927,15549.141214170522,7390.539272987586,98.3,46.7
New York,NY,Urban,199855.89432541304,199640.61782704532,19478.262752883787,99.9,9.7
North Carolina,NC,Rural,39583.215506108485,38590.90027166882,25687.677038080612,97.5,64.9
North Carolina,NC,Urban,92615.9605858147,92072.38524395511,40860.54536819102,99.4,44.1
North Dakota,ND,Rural,3966.8967976190797,3793.855964285739,2151.3851230158903,95.6,54.2
North Dakota,ND,Urban,3969.9847274438207,3963.666632205725,832.2224342105347,99.8,21
Ohio,OH,Rural,32583.671422132094,32174.829033807633,13465.151024638257,98.7,41.3
Ohio,OH,Urban,126300.8354946025,125978.31176996541,15976.577110469761,99.7,12.6
Oklahoma,OK,Rural,27222.952489314786,25912.98224222895,9640.886085081293,95.2,35.4
Oklahoma,OK,Urban,38856.96073178546,38699.99571098222,4662.099926388972,99.6,12
Oregon,OR,Rural,9067.73595861303,8679.172524037174,2843.3264501411927,95.7,31.4
Oregon,OR,Urban,25801.148539568432,25637.722576439523,2254.133908868908,99.4,8.7
Pennsylvania,PA,Rural,21456.82181855942,20862.64325534178,8103.833092426857,97.2,37.8
Pennsylvania,PA,Urban,110467.47349409103,110072.81049211649,15446.447531730124,99.6,14
Rhode Island,RI,Urban,9120.23623648755,9120.23623648755,467.3546384901656,100,5.1
South Carolina,SC,Rural,15718.414725857336,14895.727751748129,7389.800543623218,94.8,47
South Carolina,SC,Urban,57001.79016257146,56378.28988098826,27022.444532204277,98.9,47.4
South Dakota,SD,Rural,7260.483797619031,6799.802964285686,4122.502261904771,93.7,56.8
South Dakota,SD,Urban,4086.948326851535,4083.9558268515366,778.9991191591088,99.9,19.1
Tennessee,TN,Rural,25372.037934649696,24703.639278153714,11831.232262293046,97.4,46.6
Tennessee,TN,Urban,65283.656501324556,65087.68880021647,16389.347430090616,99.7,25.1
Texas,TX,Rural,54176.00322496477,53063.571596652066,23210.012524886773,97.9,42.8
Texas,TX,Urban,408164.85240585223,406322.66025060904,76491.72778884761,99.5,18.7
Utah,UT,Rural,4499.834543650846,4463.509722222284,1805.1045396825511,99.2,40.1
Utah,UT,Urban,24161.538803108924,24159.686803108925,3001.5272854678933,100,12.4
Vermont,VT,Rural,3233.715109096227,3173.587109096234,1768.3293858577022,98.1,54.7
Vermont,VT,Urban,539.5730769230788,539.5730769230788,235.06153846153921,100,43.6
Virginia,VA,Rural,15885.52141084724,15348.7721527777,7800.5906838784595,96.6,49.1
Virginia,VA,Urban,53261.02197175121,53162.388113666915,9185.176519893977,99.8,17.2
Washington,WA,Rural,9072.494957849236,8902.522583896729,4595.023313255938,98.1,50.6
Washington,WA,Urban,52414.46736222431,52210.75494649386,9810.308304751457,99.6,18.7
West Virginia,WV,Rural,12690.810064935571,11639.934230519879,4762.459000000054,91.7,37.5
West Virginia,WV,Urban,13266.964393314473,12998.289118244258,1745.9097451547293,98,13.2
Wisconsin,WI,Rural,14190.833601273567,14047.953728491182,8815.59586397031,99,62.1
Wisconsin,WI,Urban,34960.208545396614,34911.21451226659,6968.764818075226,99.9,19.9
Wyoming,WY,Rural,3747.846562604149,3713.972895937482,1447.9150004994908,99.1,38.6
Wyoming,WY,Urban,1776.4273846154124,1776.4273846154124,232.14276923076844,100,13.1
