state_name,urb_code,urb_category,total_obs,desert_count,pct_desert
Alabama,2,Large fringe metro,8327,4175,50.13810495976942
Alabama,3,Medium metro,11942,5599,46.88494389549489
Alabama,4,Small metro,7489,4090,54.61343303511818
Alabama,5,Micropolitan,5028,3416,67.93953858392999
Alabama,6,Noncore,2629,1872,71.2057816660327
Alaska,3,Medium metro,3154,3153,99.96829422954978
Alaska,4,Small metro,792,792,100
Alaska,5,Micropolitan,186,132,70.96774193548387
Alaska,6,Noncore,1464,1324,90.43715846994536
Arizona,1,Large central metro,37312,15671,41.99989279588336
Arizona,2,Large fringe metro,2891,2219,76.75544794188862
Arizona,4,Small metro,5449,3293,60.43310699210864
Arizona,5,Micropolitan,1670,1299,77.78443113772455
Arizona,6,Noncore,608,516,84.86842105263158
Arkansas,2,Large fringe metro,436,178,40.825688073394495
Arkansas,3,Medium metro,10104,4353,43.081947743467936
Arkansas,4,Small metro,3549,1791,50.46491969568893
Arkansas,5,Micropolitan,4198,2505,59.67127203430205
Arkansas,6,Noncore,3937,2821,71.65354330708661
California,1,Large central metro,169926,86662,50.99984699222014
California,2,Large fringe metro,36892,23016,62.38750948715168
California,3,Medium metro,45965,31772,69.1221581638203
California,4,Small metro,7516,4676,62.21394358701436
California,5,Micropolitan,3611,2285,63.27887011908059
California,6,Noncore,1385,928,67.00361010830325
Colorado,1,Large central metro,9336,3027,32.422879177377894
Colorado,2,Large fringe metro,10494,4260,40.59462550028588
Colorado,3,Medium metro,12001,6267,52.220648279310055
Colorado,4,Small metro,2060,1056,51.262135922330096
Colorado,5,Micropolitan,2312,1419,61.37543252595156
Colorado,6,Noncore,1589,989,62.24040276903713
Connecticut,1,Large central metro,5922,1690,28.537656197230664
Connecticut,2,Large fringe metro,858,322,37.52913752913753
Connecticut,3,Medium metro,13868,3884,28.006922411306608
Connecticut,5,Micropolitan,1059,632,59.67894239848914
Delaware,2,Large fringe metro,3769,475,12.602812417086762
Delaware,4,Small metro,1357,601,44.28887251289609
Delaware,5,Micropolitan,1421,639,44.96833216045039
District of Columbia,1,Large central metro,4916,265,5.390561432058584
Florida,1,Large central metro,50153,12255,24.435228201702788
Florida,2,Large fringe metro,38131,12568,32.96005874485327
Florida,3,Medium metro,37073,16547,44.63356081245111
Florida,4,Small metro,4123,2096,50.83676934271162
Florida,5,Micropolitan,2275,1292,56.79120879120879
Florida,6,Noncore,1809,1286,71.0889994472084
Georgia,1,Large central metro,6904,1371,19.858053302433373
Georgia,2,Large fringe metro,36688,15180,41.37592673353685
Georgia,3,Medium metro,9209,4511,48.984688891301985
Georgia,4,Small metro,11481,5704,49.68208344220887
Georgia,5,Micropolitan,7906,4730,59.82797875031621
Georgia,6,Noncore,4255,3058,71.8683901292597
Hawaii,3,Medium metro,7003,7003,100
Hawaii,4,Small metro,1100,1100,100
Hawaii,5,Micropolitan,1759,1352,76.86185332575327
Idaho,3,Medium metro,5440,4679,86.01102941176471
Idaho,4,Small metro,4689,3853,82.17103860098102
Idaho,5,Micropolitan,2597,2146,82.63380824027723
Idaho,6,Noncore,906,695,76.71081677704194
Illinois,1,Large central metro,34762,14473,41.6345434670042
Illinois,2,Large fringe metro,27723,15141,54.61530137431014
Illinois,3,Medium metro,6668,3482,52.21955608878225
Illinois,4,Small metro,5675,2599,45.79735682819383
Illinois,5,Micropolitan,6590,3844,58.33080424886191
Illinois,6,Noncore,3761,2435,64.74341930337675
Indiana,1,Large central metro,8152,4013,49.227183513248285
Indiana,2,Large fringe metro,15146,9668,63.83203486068929
Indiana,3,Medium metro,7448,4949,66.44736842105263
Indiana,4,Small metro,7924,5381,67.90762241292276
Indiana,5,Micropolitan,7332,5429,74.04528096017458
Indiana,6,Noncore,3269,2727,83.42000611807893
Iowa,3,Medium metro,9606,2336,24.318134499271288
Iowa,4,Small metro,4786,1327,27.72670288340995
Iowa,5,Micropolitan,3311,1430,43.18936877076412
Iowa,6,Noncore,5244,3171,60.46910755148741
Kansas,2,Large fringe metro,6648,5774,86.8531889290012
Kansas,3,Medium metro,4765,4174,87.59706190975865
Kansas,4,Small metro,3572,2721,76.17581187010079
Kansas,5,Micropolitan,3209,2532,78.90308507323154
Kansas,6,Noncore,2893,2084,72.0359488420325
Kentucky,1,Large central metro,5733,1712,29.86220129077272
Kentucky,2,Large fringe metro,5510,2715,49.274047186932854
Kentucky,3,Medium metro,5289,2485,46.98430705237285
Kentucky,4,Small metro,3726,1926,51.690821256038646
Kentucky,5,Micropolitan,6189,3789,61.221522055259335
Kentucky,6,Noncore,5297,3879,73.23013026241269
Louisiana,3,Medium metro,21699,9440,43.50430895432969
Louisiana,4,Small metro,7527,4126,54.81599574863824
Louisiana,5,Micropolitan,3197,2083,65.15483265561464
Louisiana,6,Noncore,2340,1557,66.53846153846153
Maine,3,Medium metro,3092,1285,41.558861578266495
Maine,4,Small metro,1546,669,43.27296248382923
Maine,5,Micropolitan,730,339,46.438356164383556
Maine,6,Noncore,2285,1607,70.32822757111597
Maryland,1,Large central metro,4357,845,19.394078494376863
Maryland,2,Large fringe metro,33897,11574,34.14461456766085
Maryland,3,Medium metro,1017,412,40.511307767944935
Maryland,4,Small metro,2329,1200,51.524259338772005
Maryland,5,Micropolitan,1004,491,48.90438247011952
Maryland,6,Noncore,465,284,61.0752688172043
Massachusetts,1,Large central metro,4541,405,8.918740365558248
Massachusetts,2,Large fringe metro,26432,5191,19.639073849878937
Massachusetts,3,Medium metro,8228,2212,26.883811375789985
Massachusetts,4,Small metro,2244,939,41.844919786096256
Massachusetts,5,Micropolitan,502,229,45.61752988047809
Michigan,1,Large central metro,18411,9503,51.61588180978762
Michigan,2,Large fringe metro,19337,8794,45.47758183792729
Michigan,3,Medium metro,9886,4050,40.967024074448716
Michigan,4,Small metro,8413,4054,48.18732913348389
Michigan,5,Micropolitan,5885,3573,60.71367884451997
Michigan,6,Noncore,3907,2734,69.97696442283082
Minnesota,1,Large central metro,13278,2856,21.509263443289655
Minnesota,2,Large fringe metro,12658,3807,30.075841365144573
Minnesota,3,Medium metro,2003,762,38.04293559660509
Minnesota,4,Small metro,4310,1560,36.19489559164733
Minnesota,5,Micropolitan,5227,2515,48.11555385498374
Minnesota,6,Noncore,3310,1972,59.57703927492447
Mississippi,2,Large fringe metro,1827,1008,55.172413793103445
Mississippi,3,Medium metro,7252,3225,44.47049089906233
Mississippi,4,Small metro,1132,533,47.08480565371025
Mississippi,5,Micropolitan,6673,3610,54.09860632399221
Mississippi,6,Noncore,4232,2979,70.39224952741021
Missouri,1,Large central metro,7418,2291,30.88433540037746
Missouri,2,Large fringe metro,16543,7476,45.19131959136795
Missouri,3,Medium metro,3426,1702,49.67892586106246
Missouri,4,Small metro,5312,2670,50.26355421686747
Missouri,5,Micropolitan,4932,3001,60.84752635847527
Missouri,6,Noncore,5685,4194,73.77308707124011
Montana,4,Small metro,3879,2552,65.79015210105698
Montana,5,Micropolitan,929,550,59.20344456404736
Montana,6,Noncore,2245,1744,77.6837416481069
Nebraska,3,Medium metro,9197,1355,14.733065129933673
Nebraska,4,Small metro,888,217,24.436936936936938
Nebraska,5,Micropolitan,2626,940,35.795887281035796
Nebraska,6,Noncore,2328,1347,57.86082474226804
Nevada,1,Large central metro,15739,10948,69.55969248363937
Nevada,3,Medium metro,3560,1942,54.550561797752806
Nevada,4,Small metro,351,167,47.57834757834758
Nevada,5,Micropolitan,1322,936,70.80181543116491
Nevada,6,Noncore,168,135,80.35714285714286
New Hampshire,2,Large fringe metro,2391,1035,43.287327478042656
New Hampshire,3,Medium metro,2630,948,36.045627376425855
New Hampshire,5,Micropolitan,2191,1274,58.146964856230035
New Hampshire,6,Noncore,361,264,73.13019390581718
New Jersey,1,Large central metro,12083,1157,9.575436563767276
New Jersey,2,Large fringe metro,44564,12805,28.733955659276546
New Jersey,3,Medium metro,5354,1645,30.7246918192006
New Jersey,4,Small metro,1146,323,28.184991273996506
New Mexico,3,Medium metro,5482,1924,35.09668004377964
New Mexico,4,Small metro,3008,1389,46.17686170212766
New Mexico,5,Micropolitan,4290,2023,47.15617715617715
New Mexico,6,Noncore,538,369,68.58736059479554
New York,1,Large central metro,70473,14142,20.067259801626154
New York,2,Large fringe metro,31492,13752,43.668233202083066
New York,3,Medium metro,16282,8987,55.19592187691929
New York,4,Small metro,4961,2850,57.44809514210844
New York,5,Micropolitan,6009,4071,67.74837743384923
New York,6,Noncore,1907,1439,75.45883586785527
North Carolina,1,Large central metro,16879,7757,45.956514011493574
North Carolina,2,Large fringe metro,10067,6060,60.19668222906527
North Carolina,3,Medium metro,23856,12585,52.75402414486921
North Carolina,4,Small metro,6988,4507,64.49627933600458
North Carolina,5,Micropolitan,9966,6217,62.38209913706603
North Carolina,6,Noncore,3307,2435,73.63169035379498
North Dakota,3,Medium metro,1477,247,16.723087339201083
North Dakota,4,Small metro,2222,928,41.764176417641764
North Dakota,5,Micropolitan,1073,561,52.28331780055918
North Dakota,6,Noncore,1510,1015,67.21854304635761
Ohio,1,Large central metro,25025,3155,12.607392607392606
Ohio,2,Large fringe metro,17432,7008,40.20192748967416
Ohio,3,Medium metro,19763,5468,27.667864190659312
Ohio,4,Small metro,3925,1792,45.65605095541401
Ohio,5,Micropolitan,11279,6318,56.015604220232284
Ohio,6,Noncore,3351,2511,74.93285586392122
Oklahoma,1,Large central metro,11971,3575,29.863837607551584
Oklahoma,2,Large fringe metro,6687,3347,50.05234036189622
Oklahoma,4,Small metro,1720,908,52.79069767441861
Oklahoma,5,Micropolitan,5369,2810,52.33749301545912
Oklahoma,6,Noncore,3867,2494,64.49444013447116
Oregon,1,Large central metro,4511,1110,24.60651740190645
Oregon,2,Large fringe metro,7445,2448,32.881128274009406
Oregon,3,Medium metro,6625,3288,49.630188679245286
Oregon,4,Small metro,3086,1866,60.46662346079067
Oregon,5,Micropolitan,3453,2269,65.71097596293079
Oregon,6,Noncore,324,262,80.8641975308642
Pennsylvania,1,Large central metro,18997,4515,23.766910564826023
Pennsylvania,2,Large fringe metro,23487,9878,42.057308298207516
Pennsylvania,3,Medium metro,24144,12463,51.619449966865474
Pennsylvania,4,Small metro,5440,3094,56.875
Pennsylvania,5,Micropolitan,8174,5623,68.79128945436752
Pennsylvania,6,Noncore,2092,1675,80.06692160611854
Rhode Island,1,Large central metro,4236,1134,26.770538243626063
Rhode Island,2,Large fringe metro,2174,1233,56.71573137074517
South Carolina,2,Large fringe metro,2844,1222,42.96765119549929
South Carolina,3,Medium metro,23767,10734,45.163461943030256
South Carolina,4,Small metro,3588,1753,48.85730211817169
South Carolina,5,Micropolitan,2448,1428,58.333333333333336
South Carolina,6,Noncore,1972,1344,68.15415821501014
South Dakota,3,Medium metro,2412,527,21.849087893864013
South Dakota,4,Small metro,1126,628,55.772646536412076
South Dakota,5,Micropolitan,1707,818,47.9203280609256
South Dakota,6,Noncore,1842,1479,80.29315960912052
Tennessee,1,Large central metro,13209,4783,36.21015973957151
Tennessee,2,Large fringe metro,10039,5885,58.62137663113855
Tennessee,3,Medium metro,12246,7093,57.92095378082639
Tennessee,4,Small metro,4031,2451,60.80377077648226
Tennessee,5,Micropolitan,6004,3956,65.88940706195869
Tennessee,6,Noncore,3473,2640,76.01497264612726
Texas,1,Large central metro,110665,25066,22.650341119595176
Texas,2,Large fringe metro,44435,16386,36.87633622144706
Texas,3,Medium metro,43599,14206,32.58331613110392
Texas,4,Small metro,11834,4694,39.66537096501605
Texas,5,Micropolitan,11909,6266,52.615668821899405
Texas,6,Noncore,9042,5797,64.11192214111922
Utah,1,Large central metro,9392,3657,38.93739352640545
Utah,2,Large fringe metro,652,408,62.57668711656442
Utah,3,Medium metro,12701,8567,67.45138178096212
Utah,4,Small metro,2589,1634,63.113171108536115
Utah,5,Micropolitan,1966,1222,62.156663275686675
Utah,6,Noncore,1069,703,65.7623947614593
Vermont,4,Small metro,1295,420,32.432432432432435
Vermont,5,Micropolitan,1374,715,52.037845705967975
Vermont,6,Noncore,673,381,56.61218424962853
Virginia,1,Large central metro,6748,3762,55.749851807943095
Virginia,2,Large fringe metro,37644,20261,53.822654340665174
Virginia,3,Medium metro,4109,2213,53.85738622535897
Virginia,4,Small metro,4763,3125,65.60990972076422
Virginia,5,Micropolitan,1469,977,66.50782845473111
Virginia,6,Noncore,4586,3678,80.20061055385958
Washington,1,Large central metro,14435,6992,48.437824731555246
Washington,2,Large fringe metro,16543,12149,73.43891676237683
Washington,3,Medium metro,12427,7865,63.289611330168185
Washington,4,Small metro,4213,3044,72.25255162591976
Washington,5,Micropolitan,3810,2739,71.88976377952756
Washington,6,Noncore,800,640,80
West Virginia,2,Large fringe metro,354,209,59.03954802259888
West Virginia,3,Medium metro,2127,1041,48.94217207334274
West Virginia,4,Small metro,4019,2219,55.21273948743468
West Virginia,5,Micropolitan,1535,917,59.73941368078176
West Virginia,6,Noncore,2491,1827,73.34403853873947
Wisconsin,1,Large central metro,7210,2793,38.737864077669904
Wisconsin,2,Large fringe metro,4692,2658,56.649616368286445
Wisconsin,3,Medium metro,6783,3318,48.91640866873065
Wisconsin,4,Small metro,10649,5561,52.22086580899615
Wisconsin,5,Micropolitan,5225,3494,66.8708133971292
Wisconsin,6,Noncore,3792,2789,73.54957805907173
Wyoming,4,Small metro,1267,434,34.25414364640884
Wyoming,5,Micropolitan,1733,873,50.37507212925563
Wyoming,6,Noncore,832,539,64.78365384615384
