GEOID,CD,STATE ABBRV,TOTAL CHILDREN,DESERT CHILDREN,PCT IN DESERT
200,AK-AL,AK,55960,54010,96.5
101,AL-01,AL,51990,27280,52.5
102,AL-02,AL,51530,27740,53.8
103,AL-03,AL,47520,29220,61.5
104,AL-04,AL,51460,34990,68.0
105,AL-05,AL,49740,24100,48.5
106,AL-06,AL,50900,27810,54.6
107,AL-07,AL,51010,20380,40.0
501,AR-01,AR,54690,32050,58.6
502,AR-02,AR,52240,21370,40.9
503,AR-03,AR,60440,29820,49.3
504,AR-04,AR,54860,33250,60.6
401,AZ-01,AZ,44250,10600,24.0
402,AZ-02,AZ,47930,34130,71.2
403,AZ-03,AZ,67320,37140,55.2
404,AZ-04,AZ,54210,11900,22.0
405,AZ-05,AZ,54600,24450,44.8
406,AZ-06,AZ,44800,20780,46.4
407,AZ-07,AZ,58890,30940,52.5
408,AZ-08,AZ,49380,18440,37.3
409,AZ-09,AZ,57920,41600,71.8
601,CA-01,CA,52110,32110,61.6
610,CA-02,CA,49280,17210,34.9
611,CA-03,CA,36800,4600,12.5
612,CA-04,CA,47440,15610,32.9
613,CA-05,CA,68000,53750,79.0
614,CA-06,CA,49540,20100,40.6
615,CA-07,CA,44860,7460,16.6
616,CA-08,CA,46740,9040,19.3
617,CA-09,CA,50690,9470,18.7
618,CA-10,CA,59750,33350,55.8
619,CA-11,CA,40300,21600,53.6
602,CA-12,CA,42750,21330,49.9
620,CA-13,CA,63120,53270,84.4
621,CA-14,CA,67730,57020,84.2
622,CA-15,CA,69150,54840,79.3
623,CA-16,CA,60820,55330,91.0
624,CA-17,CA,47340,20390,43.1
625,CA-18,CA,54800,37430,68.3
626,CA-19,CA,48810,27250,55.8
627,CA-20,CA,54640,32700,59.8
628,CA-21,CA,40820,11240,27.5
629,CA-22,CA,48180,22020,45.7
603,CA-23,CA,44400,23080,52.0
630,CA-24,CA,37300,8560,22.9
631,CA-25,CA,46890,26050,55.6
632,CA-26,CA,48860,14630,29.9
633,CA-27,CA,58790,52300,89.0
634,CA-28,CA,42720,20770,48.6
635,CA-29,CA,58710,48790,83.1
636,CA-30,CA,41610,5930,14.3
637,CA-31,CA,47970,26020,54.2
638,CA-32,CA,46230,26580,57.5
639,CA-33,CA,56380,47830,84.8
604,CA-34,CA,45870,24250,52.9
640,CA-35,CA,50600,23620,46.7
641,CA-36,CA,52830,42070,79.6
642,CA-37,CA,49890,38380,76.9
643,CA-38,CA,55220,26680,48.3
644,CA-39,CA,49280,31830,64.6
645,CA-40,CA,46190,23130,50.1
646,CA-41,CA,53010,46030,86.8
647,CA-42,CA,46160,19880,43.1
648,CA-43,CA,56470,35730,63.3
649,CA-44,CA,51420,21300,41.4
605,CA-45,CA,49430,34510,69.8
650,CA-46,CA,44670,20020,44.8
651,CA-47,CA,56310,23960,42.6
652,CA-48,CA,51230,23730,46.3
606,CA-49,CA,60160,35670,59.3
607,CA-50,CA,50600,33060,65.3
608,CA-51,CA,50240,27230,54.2
609,CA-52,CA,59850,44660,74.6
801,CO-01,CO,46950,11570,24.6
802,CO-02,CO,33330,11300,33.9
803,CO-03,CO,44150,25250,57.2
804,CO-04,CO,49680,21620,43.5
805,CO-05,CO,54750,32790,59.9
806,CO-06,CO,51560,19520,37.9
807,CO-07,CO,38930,12780,32.8
808,CO-08,CO,58560,35340,60.3
901,CT-01,CT,43380,10400,24.0
902,CT-02,CT,39020,18610,47.7
903,CT-03,CT,41580,10410,25.0
904,CT-04,CT,49250,11290,22.9
905,CT-05,CT,43810,14560,33.2
1000,DE-AL,DE,65410,17140,26.2
1201,FL-01,FL,54490,25710,47.2
1210,FL-02,FL,51510,15950,31.0
1211,FL-03,FL,47860,25800,53.9
1212,FL-04,FL,42770,17980,42.0
1213,FL-05,FL,35630,5850,16.4
1214,FL-06,FL,48820,8490,17.4
1215,FL-07,FL,54600,18160,33.3
1216,FL-08,FL,49010,16950,34.6
1217,FL-09,FL,34230,17770,51.9
1218,FL-10,FL,53070,26800,50.5
1219,FL-11,FL,37490,14730,39.3
1202,FL-12,FL,47660,23700,49.7
1220,FL-13,FL,59980,13070,21.8
1221,FL-14,FL,43390,19040,43.9
1222,FL-15,FL,44200,13390,30.3
1223,FL-16,FL,45600,10620,23.3
1224,FL-17,FL,56200,12500,22.2
1225,FL-18,FL,44330,9050,20.4
1226,FL-19,FL,48590,10920,22.5
1227,FL-20,FL,45830,3410,7.4
1228,FL-21,FL,51070,13870,27.2
1203,FL-22,FL,46070,25050,54.4
1204,FL-23,FL,58390,22380,38.3
1205,FL-24,FL,54630,16520,30.2
1206,FL-25,FL,41580,19750,47.5
1207,FL-26,FL,43810,12560,28.7
1208,FL-27,FL,40670,14010,34.4
1209,FL-28,FL,54140,26390,48.7
1301,GA-01,GA,58400,32360,55.4
1310,GA-02,GA,53840,32050,59.5
1311,GA-03,GA,53390,23450,43.9
1312,GA-04,GA,55610,29720,53.4
1313,GA-05,GA,60340,19160,31.8
1314,GA-06,GA,54130,33020,61.0
1302,GA-07,GA,54250,24610,45.4
1303,GA-08,GA,52970,29680,56.0
1304,GA-09,GA,58870,19960,33.9
1305,GA-10,GA,49350,6270,12.7
1306,GA-11,GA,49990,17380,34.8
1307,GA-12,GA,55590,18680,33.6
1308,GA-13,GA,56770,30800,54.3
1309,GA-14,GA,50840,28320,55.7
1501,HI-01,HI,44700,44700,100.0
1502,HI-02,HI,53920,49850,92.5
1901,IA-01,IA,54980,19960,36.3
1902,IA-02,IA,57140,21790,38.1
1903,IA-03,IA,61900,16150,26.1
1904,IA-04,IA,55420,24720,44.6
1601,ID-01,ID,67240,58360,86.8
1602,ID-02,ID,69060,55350,80.1
1701,IL-01,IL,48220,15100,31.3
1710,IL-02,IL,49090,18500,37.7
1711,IL-03,IL,53070,28980,54.6
1712,IL-04,IL,49200,30190,61.4
1713,IL-05,IL,49400,19800,40.1
1714,IL-06,IL,50700,31370,61.9
1715,IL-07,IL,47670,29710,62.3
1716,IL-08,IL,53250,34990,65.7
1717,IL-09,IL,51370,20360,39.6
1702,IL-10,IL,51840,19060,36.8
1703,IL-11,IL,50920,25910,50.9
1704,IL-12,IL,47850,19210,40.1
1705,IL-13,IL,50640,26870,53.1
1706,IL-14,IL,52170,35170,67.4
1707,IL-15,IL,49280,11390,23.1
1708,IL-16,IL,50430,34650,68.7
1709,IL-17,IL,46660,18460,39.6
1801,IN-01,IN,50620,36010,71.1
1802,IN-02,IN,57110,37950,66.5
1803,IN-03,IN,59450,47020,79.1
1804,IN-04,IN,51560,33500,65.0
1805,IN-05,IN,52320,27130,51.9
1806,IN-06,IN,57920,42130,72.7
1807,IN-07,IN,61110,23970,39.2
1808,IN-08,IN,52570,39490,75.1
1809,IN-09,IN,50020,34450,68.9
2001,KS-01,KS,51000,39820,78.1
2002,KS-02,KS,54870,43490,79.3
2003,KS-03,KS,51850,44190,85.2
2004,KS-04,KS,53160,45360,85.3
2101,KY-01,KY,54630,34400,63.0
2102,KY-02,KY,54570,31240,57.2
2103,KY-03,KY,55030,15800,28.7
2104,KY-04,KY,53620,27140,50.6
2105,KY-05,KY,47220,32760,69.4
2106,KY-06,KY,52440,23800,45.4
2201,LA-01,LA,56480,27300,48.3
2202,LA-02,LA,56790,23050,40.6
2203,LA-03,LA,61520,31960,52.0
2204,LA-04,LA,59070,31270,52.9
2205,LA-05,LA,55720,32190,57.8
2206,LA-06,LA,58060,26300,45.3
2501,MA-01,MA,45170,11310,25.0
2502,MA-02,MA,45950,13980,30.4
2503,MA-03,MA,51090,10320,20.2
2504,MA-04,MA,47850,13550,28.3
2505,MA-05,MA,48360,6290,13.0
2506,MA-06,MA,48220,9590,19.9
2507,MA-07,MA,44000,2180,5.0
2508,MA-08,MA,47520,6800,14.3
2509,MA-09,MA,41360,15720,38.0
2401,MD-01,MD,49220,21750,44.2
2402,MD-02,MD,50410,15140,30.0
2403,MD-03,MD,55170,17980,32.6
2404,MD-04,MD,59760,26520,44.4
2405,MD-05,MD,53800,25980,48.3
2406,MD-06,MD,53440,18880,35.3
2407,MD-07,MD,57250,11480,20.1
2408,MD-08,MD,51730,10350,20.0
2301,ME-01,ME,37490,16430,43.8
2302,ME-02,ME,39030,22580,57.9
2601,MI-01,MI,41730,28210,67.6
2610,MI-02,MI,49380,25480,51.6
2611,MI-03,MI,48130,10380,21.6
2612,MI-04,MI,60300,25610,42.5
2613,MI-05,MI,59940,42570,71.0
2602,MI-06,MI,48480,30500,62.9
2603,MI-07,MI,56560,20140,35.6
2604,MI-08,MI,55190,24810,45.0
2605,MI-09,MI,48630,29710,61.1
2606,MI-10,MI,46450,16330,35.2
2607,MI-11,MI,47480,21410,45.1
2608,MI-12,MI,50840,21700,42.7
2609,MI-13,MI,45330,30260,66.8
2701,MN-01,MN,49650,19500,39.3
2702,MN-02,MN,53230,11540,21.7
2703,MN-03,MN,52170,10400,19.9
2704,MN-04,MN,50800,14390,28.3
2705,MN-05,MN,50150,9030,18.0
2706,MN-06,MN,55100,19800,35.9
2707,MN-07,MN,51550,25910,50.3
2708,MN-08,MN,45200,24160,53.5
2901,MO-01,MO,55130,13260,24.1
2902,MO-02,MO,50050,21190,42.3
2903,MO-03,MO,51370,25530,49.7
2904,MO-04,MO,56780,34480,60.7
2905,MO-05,MO,56960,22510,39.5
2906,MO-06,MO,54650,33920,62.1
2907,MO-07,MO,55280,28880,52.2
2908,MO-08,MO,52930,33550,63.4
2801,MS-01,MS,51950,30340,58.4
2802,MS-02,MS,53640,22880,42.7
2803,MS-03,MS,51830,30020,57.9
2804,MS-04,MS,53720,30290,56.4
3001,MT-01,MT,31800,19930,62.7
3002,MT-02,MT,38730,28530,73.7
3701,NC-01,NC,49540,28600,57.7
3710,NC-02,NC,48190,26740,55.5
3711,NC-03,NC,35420,22640,63.9
3712,NC-04,NC,55430,24850,44.8
3713,NC-05,NC,53920,28670,53.2
3714,NC-06,NC,59940,28860,48.1
3702,NC-07,NC,52500,23380,44.5
3703,NC-08,NC,54600,38420,70.4
3704,NC-09,NC,49770,23520,47.3
3705,NC-10,NC,43010,28660,66.6
3706,NC-11,NC,49800,21900,44.0
3707,NC-12,NC,48220,29670,61.5
3708,NC-13,NC,49100,32080,65.3
3709,NC-14,NC,61680,38080,61.7
3800,ND-AL,ND,62800,27490,43.8
3101,NE-01,NE,49110,10540,21.5
3102,NE-02,NE,53550,6320,11.8
3103,NE-03,NE,47780,21760,45.5
3301,NH-01,NH,37900,15080,39.8
3302,NH-02,NH,37850,20130,53.2
3401,NJ-01,NJ,53960,14610,27.1
3410,NJ-02,NJ,59300,5720,9.6
3411,NJ-03,NJ,48880,10120,20.7
3412,NJ-04,NJ,50040,9190,18.4
3402,NJ-05,NJ,46960,17880,38.1
3403,NJ-06,NJ,46180,12740,27.6
3404,NJ-07,NJ,66150,36420,55.1
3405,NJ-08,NJ,48030,9590,20.0
3406,NJ-09,NJ,53430,15280,28.6
3407,NJ-10,NJ,46390,14590,31.5
3408,NJ-11,NJ,59470,6390,10.7
3409,NJ-12,NJ,52630,6750,12.8
3501,NM-01,NM,40140,13560,33.8
3502,NM-02,NM,48320,21280,44.0
3503,NM-03,NM,44710,22210,49.7
3201,NV-01,NV,47400,31710,66.9
3202,NV-02,NV,50600,29000,57.3
3203,NV-03,NV,52950,35070,66.2
3204,NV-04,NV,60460,45510,75.3
3601,NY-01,NY,44650,24090,54.0
3610,NY-02,NY,50460,4480,8.9
3611,NY-03,NY,50980,17640,34.6
3612,NY-04,NY,36850,3100,8.4
3613,NY-05,NY,51660,3120,6.0
3614,NY-06,NY,52490,15220,29.0
3615,NY-07,NY,60270,3070,5.1
3616,NY-08,NY,50960,12510,24.5
3617,NY-09,NY,60890,36930,60.7
3618,NY-10,NY,52670,32990,62.6
3619,NY-11,NY,41360,25500,61.7
3602,NY-12,NY,49130,26090,53.1
3620,NY-13,NY,45510,19440,42.7
3621,NY-14,NY,44020,30730,69.8
3622,NY-15,NY,50300,25630,51.0
3623,NY-16,NY,47880,29800,62.2
3624,NY-17,NY,47670,30390,63.8
3625,NY-18,NY,49020,18720,38.2
3626,NY-19,NY,50270,20560,40.9
3603,NY-20,NY,46350,12030,26.0
3604,NY-21,NY,50470,13520,26.8
3605,NY-22,NY,55690,13920,25.0
3606,NY-23,NY,47760,10130,21.2
3607,NY-24,NY,55410,9760,17.6
3608,NY-25,NY,55600,7060,12.7
3609,NY-26,NY,62940,5990,9.5
3901,OH-01,OH,57120,9750,17.1
3910,OH-02,OH,54380,11300,20.8
3911,OH-03,OH,50890,2300,4.5
3912,OH-04,OH,55360,30560,55.2
3913,OH-05,OH,51010,10320,20.2
3914,OH-06,OH,46860,18270,39.0
3915,OH-07,OH,59520,18470,31.0
3902,OH-08,OH,54070,32290,59.7
3903,OH-09,OH,62850,5160,8.2
3904,OH-10,OH,54660,24180,44.2
3905,OH-11,OH,52490,22720,43.3
3906,OH-12,OH,49050,23850,48.6
3907,OH-13,OH,50470,18830,37.3
3908,OH-14,OH,56060,19320,34.5
3909,OH-15,OH,52920,15170,28.7
4001,OK-01,OK,63230,25510,40.3
4002,OK-02,OK,56810,32000,56.3
4003,OK-03,OK,62270,28250,45.4
4004,OK-04,OK,54030,23340,43.2
4005,OK-05,OK,59830,22250,37.2
4101,OR-01,OR,41990,11610,27.6
4102,OR-02,OR,44180,28230,63.9
4103,OR-03,OR,41040,12390,30.2
4104,OR-04,OR,35490,18450,52.0
4105,OR-05,OR,45450,21990,48.4
4106,OR-06,OR,46290,19760,42.7
4201,PA-01,PA,44910,17780,39.6
4210,PA-02,PA,51410,24060,46.8
4211,PA-03,PA,55310,37630,68.0
4212,PA-04,PA,44290,19020,42.9
4213,PA-05,PA,47030,31830,67.7
4214,PA-06,PA,42180,26780,63.5
4215,PA-07,PA,41900,28400,67.8
4216,PA-08,PA,46590,26290,56.4
4217,PA-09,PA,46460,23900,51.4
4202,PA-10,PA,60470,11610,19.2
4203,PA-11,PA,49680,610,1.2
4204,PA-12,PA,46630,13750,29.5
4205,PA-13,PA,53910,14940,27.7
4206,PA-14,PA,51420,22130,43.0
4207,PA-15,PA,49450,20560,41.6
4208,PA-16,PA,45210,24160,53.4
4209,PA-17,PA,46580,29070,62.4
4401,RI-01,RI,32330,9380,29.0
4402,RI-02,RI,31740,14310,45.1
4501,SC-01,SC,48800,23840,48.9
4502,SC-02,SC,50570,24600,48.6
4503,SC-03,SC,47250,28180,59.6
4504,SC-04,SC,56100,20380,36.3
4505,SC-05,SC,51320,24400,47.5
4506,SC-06,SC,47970,20820,43.4
4507,SC-07,SC,44250,22680,51.3
4600,SD-AL,SD,70870,34520,48.7
4701,TN-01,TN,44230,28940,65.4
4702,TN-02,TN,50820,30280,59.6
4703,TN-03,TN,50760,28380,55.9
4704,TN-04,TN,56850,35130,61.8
4705,TN-05,TN,59010,35520,60.2
4706,TN-06,TN,55450,34660,62.5
4707,TN-07,TN,56100,32260,57.5
4708,TN-08,TN,52550,28850,54.9
4709,TN-09,TN,63870,13680,21.4
4801,TX-01,TX,55430,25770,46.5
4810,TX-02,TX,55840,26810,48.0
4811,TX-03,TX,71690,29140,40.6
4812,TX-04,TX,64560,22520,34.9
4813,TX-05,TX,57190,19310,33.8
4814,TX-06,TX,55120,15220,27.6
4815,TX-07,TX,68950,22420,32.5
4816,TX-08,TX,59990,15900,26.5
4817,TX-09,TX,57420,21860,38.1
4818,TX-10,TX,65050,15370,23.6
4819,TX-11,TX,60000,21450,35.8
4802,TX-12,TX,62810,19710,31.4
4820,TX-13,TX,65460,13230,20.2
4821,TX-14,TX,51200,20240,39.5
4822,TX-15,TX,60650,15270,25.2
4823,TX-16,TX,63560,33570,52.8
4824,TX-17,TX,53910,6480,12.0
4825,TX-18,TX,56220,18940,33.7
4826,TX-19,TX,57510,17040,29.6
4827,TX-20,TX,56590,24540,43.4
4828,TX-21,TX,69620,27460,39.4
4829,TX-22,TX,66800,21690,32.5
4803,TX-23,TX,57060,11910,20.9
4830,TX-24,TX,59920,15980,26.7
4831,TX-25,TX,61210,22040,36.0
4832,TX-26,TX,63570,10690,16.8
4833,TX-27,TX,69580,24260,34.9
4834,TX-28,TX,70730,24690,34.9
4835,TX-29,TX,62460,26750,42.8
4836,TX-30,TX,57540,22040,38.3
4837,TX-31,TX,48660,5640,11.6
4838,TX-32,TX,59060,9040,15.3
4804,TX-33,TX,57160,15880,27.8
4805,TX-34,TX,59460,20250,34.1
4806,TX-35,TX,60760,23030,37.9
4807,TX-36,TX,63380,4240,6.7
4808,TX-37,TX,64500,21690,33.6
4809,TX-38,TX,64240,12090,18.8
4901,UT-01,UT,67020,34280,51.1
4902,UT-02,UT,66290,33160,50.0
4903,UT-03,UT,66110,37210,56.3
4904,UT-04,UT,84270,57260,67.9
5101,VA-01,VA,50630,30600,60.4
5110,VA-02,VA,59380,27710,46.7
5111,VA-03,VA,51370,28520,55.5
5102,VA-04,VA,54870,32130,58.6
5103,VA-05,VA,61980,30920,49.9
5104,VA-06,VA,53860,27400,50.9
5105,VA-07,VA,47320,30820,65.1
5106,VA-08,VA,48710,30530,62.7
5107,VA-09,VA,62650,36980,59.0
5108,VA-10,VA,60270,35120,58.3
5109,VA-11,VA,41850,29130,69.6
5000,VT-AL,VT,33410,15150,45.3
5301,WA-01,WA,56730,31170,54.9
5310,WA-02,WA,56920,38570,67.8
5302,WA-03,WA,48010,32240,67.2
5303,WA-04,WA,51870,39690,76.5
5304,WA-05,WA,63910,44030,68.9
5305,WA-06,WA,50450,29400,58.3
5306,WA-07,WA,46160,32870,71.2
5307,WA-08,WA,39780,13500,33.9
5308,WA-09,WA,54850,40130,73.2
5309,WA-10,WA,53610,32700,61.0
5501,WI-01,WI,47580,25850,54.3
5502,WI-02,WI,47930,20690,43.2
5503,WI-03,WI,46700,28170,60.3
5504,WI-04,WI,58540,17700,30.2
5505,WI-05,WI,43600,27080,62.1
5506,WI-06,WI,45800,25550,55.8
5507,WI-07,WI,44650,30600,68.5
5508,WI-08,WI,48730,30490,62.6
5401,WV-01,WV,51780,29250,56.5
5402,WV-02,WV,53650,33030,61.6
5600,WY-AL,WY,38320,18460,48.2
